{"cameraMode":{"drawMode":0,"name":"Shaded","section":"Shading Mode"},"sceneLighting":true,"audioPlay":false,"sceneViewState":{"m_AlwaysRefresh":false,"showFog":true,"showSkybox":true,"showFlares":true,"showImageEffects":true,"showParticleSystems":true,"showVisualEffectGraphs":true,"m_FxEnabled":true},"in2DMode":false,"pivot":{"x":-211.54986572265626,"y":-406.06427001953127,"z":795.8120727539063},"rotation":{"x":0.22625432908535005,"y":-0.12383116036653519,"z":0.028926372528076173,"w":0.9657904505729675},"size":471.40447998046877,"orthographic":false}