{"cameraMode":{"drawMode":0,"name":"Shaded","section":"Shading Mode"},"sceneLighting":true,"audioPlay":false,"sceneViewState":{"m_AlwaysRefresh":false,"showFog":true,"showSkybox":true,"showFlares":true,"showImageEffects":true,"showParticleSystems":true,"showVisualEffectGraphs":true,"m_FxEnabled":true},"in2DMode":false,"pivot":{"x":-73.83226013183594,"y":-270.40643310546877,"z":888.3291625976563},"rotation":{"x":-0.14755268394947053,"y":0.04064008221030235,"z":-0.006021411623805761,"w":-0.9882630705833435},"size":471.40447998046877,"orthographic":false}