{"cameraMode":{"drawMode":0,"name":"Shaded","section":"Shading Mode"},"sceneLighting":true,"audioPlay":false,"sceneViewState":{"m_AlwaysRefresh":false,"showFog":true,"showSkybox":true,"showFlares":true,"showImageEffects":true,"showParticleSystems":true,"showVisualEffectGraphs":true,"m_FxEnabled":true},"in2DMode":false,"pivot":{"x":1.3059742450714112,"y":-5.729599475860596,"z":9.936474800109864},"rotation":{"x":0.2475762665271759,"y":-0.01833184063434601,"z":0.004593212157487869,"w":0.9687384366989136},"size":9.818265914916993,"orthographic":false}